{
  "filename": "",
  "requested_buffer_hash": "ab727d592ed792abf5f600baaac1308b",
  "new_buffer": "for x in list:\n    print(x)\n",
  "version": 2,
  "diffs": [{
    "inserted": [{
      "text": "for x in list:",
      "line": 0,
      "emphasis": [{
        "start_bytes": 13,
        "end_bytes": 14,
        "start_runes": 13,
        "end_runes": 14
      }]
    }],
    "deleted": [{
      "text": "for x in list",
      "line": 0,
      "emphasis": [{
        "start_bytes": 12,
        "end_bytes": 13,
        "start_runes": 12,
        "end_runes": 13
      }]
    }]
  }]
}
